Category,Links
ottomans-and-cubes,https://www.houzz.com/products/2024-09-soft-touch-ottoman-onyx-prvw-vr~143224391
ottomans-and-cubes,https://www.houzz.com/products/34-inch-wide-rectangle-storage-ottoman-in-cloud-grey-linen-look-fabric-prvw-vr~110676739
ottomans-and-cubes,https://www.houzz.com/products/36-inch-wide-rectangle-storage-ottoman-bench-in-chocolate-brown-faux-leather-prvw-vr~110677204
ottomans-and-cubes,https://www.houzz.com/products/36-inch-wide-rectangle-storage-ottoman-bench-in-stone-grey-faux-leather-prvw-vr~110677104
ottomans-and-cubes,https://www.houzz.com/products/42-wide-rectangle-storage-ottoman-bench-with-tray-cloud-grey-linen-look-fabric-prvw-vr~110679209
ottomans-and-cubes,https://www.houzz.com/products/48-elegant-leather-linen-rectangular-storage-ottoman-black-prvw-vr~93402637
ottomans-and-cubes,https://www.houzz.com/products/aalten-velvet-ottoman-sharkfin-gray-prvw-vr~110615171
ottomans-and-cubes,https://www.houzz.com/products/abinger-smoke-ottoman-prvw-vr~159231927
ottomans-and-cubes,https://www.houzz.com/products/acme-bergia-velvet-upholstered-ottoman-with-metal-straight-legs-lavender-prvw-vr~166391882
ottomans-and-cubes,https://www.houzz.com/products/acme-boice-ottoman-black-fabric-and-champagne-prvw-vr~176210029
ottomans-and-cubes,https://www.houzz.com/products/acme-brantley-tufted-velvet-upholstered-ottoman-in-gray-and-sandy-gray-prvw-vr~180058212
ottomans-and-cubes,https://www.houzz.com/products/acme-versailles-faux-leather-upholstered-ottoman-in-dark-brown-and-cherry-oak-prvw-vr~186255177
ottomans-and-cubes,https://www.houzz.com/products/acme-wugtyx-button-tufted-velvet-upholstered-square-ottoman-in-dark-gray-prvw-vr~180770606
ottomans-and-cubes,https://www.houzz.com/products/addison-velvet-ottoman-bench-cream-prvw-vr~118265865
ottomans-and-cubes,https://www.houzz.com/products/adjustable-foot-rest-by-steelcase-black-prvw-vr~91159870
ottomans-and-cubes,https://www.houzz.com/products/aidata-luxe-comfort-footrest-black-prvw-vr~89887488
ottomans-and-cubes,https://www.houzz.com/products/alexa-ottoman-with-cushion-natural-wicker-dark-walnut-prvw-vr~145566489
ottomans-and-cubes,https://www.houzz.com/products/alexa-ottoman-with-cushion-natural-wicker-white-prvw-vr~145566488
ottomans-and-cubes,https://www.houzz.com/products/amelia-34-wide-rectangle-storage-ottoman-bench-in-tanners-brown-faux-leather-prvw-vr~90119904
ottomans-and-cubes,https://www.houzz.com/products/amelia-tufted-storage-ottoman-fern-cotton-espresso-prvw-vr~39090285
ottomans-and-cubes,https://www.houzz.com/products/american-furniture-classics-wild-horses-ottoman-prvw-vr~24344396
ottomans-and-cubes,https://www.houzz.com/products/american-furniture-sierra-lodge-ottoman-prvw-vr~36966106
ottomans-and-cubes,https://www.houzz.com/products/amour-faux-leather-ottoman-black-prvw-vr~159603526
ottomans-and-cubes,https://www.houzz.com/products/amour-upholstered-fabric-ottoman-laguna-prvw-vr~184858145
ottomans-and-cubes,https://www.houzz.com/products/andrea-upholstered-ottoman-with-nailhead-trim-blue-prvw-vr~91302328
ottomans-and-cubes,https://www.houzz.com/products/anthem-tufted-button-round-performance-velvet-ottoman-gray-prvw-vr~150465256
ottomans-and-cubes,https://www.houzz.com/products/anthem-tufted-button-square-performance-velvet-ottoman-ivory-prvw-vr~179962634
ottomans-and-cubes,https://www.houzz.com/products/anticipate-ottoman-eei-2849-gld-gry-prvw-vr~137720423
ottomans-and-cubes,https://www.houzz.com/products/anticipate-sheepskin-ottoman-sea-blue-prvw-vr~137720424
ottomans-and-cubes,https://www.houzz.com/products/ariel-velvet-ottoman-bench-black-prvw-vr~118265690
ottomans-and-cubes,https://www.houzz.com/products/armen-living-victoria-leather-ottoman-in-ocean-blue-prvw-vr~191311392
ottomans-and-cubes,https://www.houzz.com/products/arroyo-caramel-ottoman-prvw-vr~163426723
ottomans-and-cubes,https://www.houzz.com/products/ashley-furniture-maderla-oversized-fabric-accent-ottoman-in-pebble-beige-prvw-vr~174474472
ottomans-and-cubes,https://www.houzz.com/products/atlin-designs-3-piece-faux-leather-storage-ottoman-in-red-prvw-vr~118467936
ottomans-and-cubes,https://www.houzz.com/products/atlin-designs-storage-ottoman-in-dark-gray-prvw-vr~125977043
ottomans-and-cubes,https://www.houzz.com/products/augusta-round-storage-ottoman-linen-prvw-vr~125278913
ottomans-and-cubes,https://www.houzz.com/products/augusta-storage-ottoman-cream-prvw-vr~39124830
ottomans-and-cubes,https://www.houzz.com/products/aurelia-ii-ottoman-charcoal-linen-prvw-vr~114096937
ottomans-and-cubes,https://www.houzz.com/products/aurora-curved-ottoman-black-prvw-vr~119443584
ottomans-and-cubes,https://www.houzz.com/products/avalon-42-contemporary-storage-ottoman-midnight-black-faux-leather-prvw-vr~141892914
ottomans-and-cubes,https://www.houzz.com/products/avalon-extra-large-storage-ottoman-bench-prvw-vr~173361629
ottomans-and-cubes,https://www.houzz.com/products/avalon-square-coffee-table-storage-ottoman-prvw-vr~110675344
ottomans-and-cubes,https://www.houzz.com/products/avalon-square-coffee-table-storage-ottoman-prvw-vr~158141966
ottomans-and-cubes,https://www.houzz.com/products/avalon-storage-ottoman-prvw-vr~167277010
ottomans-and-cubes,https://www.houzz.com/products/avalon-storage-ottoman-with-three-trays-stone-gray-faux-leather-prvw-vr~110675480
ottomans-and-cubes,https://www.houzz.com/products/avara-glam-and-luxe-light-pink-velvet-upholstered-golden-button-tufted-ottoman-prvw-vr~145726261
ottomans-and-cubes,https://www.houzz.com/products/avendale-tufted-upholstered-ottoman-pouf-in-dark-gray-fabric-prvw-vr~171553423
ottomans-and-cubes,https://www.houzz.com/products/barnesley-ottoman-prvw-vr~186498644
ottomans-and-cubes,https://www.houzz.com/products/bartlett-vegan-leather-ottoman-tan-prvw-vr~177301632
ottomans-and-cubes,https://www.houzz.com/products/baxton-livana-black-velvet-fabric-storage-ottoman-prvw-vr~182386449
ottomans-and-cubes,https://www.houzz.com/products/baxton-livana-blush-pink-velvet-fabric-upholstered-storage-ottoman-prvw-vr~182386748
ottomans-and-cubes,https://www.houzz.com/products/baxton-livana-navy-blue-velvet-fabric-upholstered-storage-ottoman-prvw-vr~182386455
ottomans-and-cubes,https://www.houzz.com/products/baxton-studio-alonza-modern-upholstered-velvet-ottoman-in-navy-blue-and-gold-prvw-vr~142041572
ottomans-and-cubes,https://www.houzz.com/products/baxton-studio-annabelle-tufted-storage-ottoman-in-dark-gray-and-walnut-prvw-vr~160910882
ottomans-and-cubes,https://www.houzz.com/products/baxton-studio-annabelle-tufted-storage-ottoman-in-gray-and-walnut-prvw-vr~102807630
ottomans-and-cubes,https://www.houzz.com/products/baxton-studio-aric-bonded-leather-ottoman-prvw-vr~132890334
ottomans-and-cubes,https://www.houzz.com/products/baxton-studio-avara-modern-tufted-velvet-ottoman-in-burgundy-and-gold-prvw-vr~139086224
ottomans-and-cubes,https://www.houzz.com/products/baxton-studio-avara-modern-tufted-velvet-ottoman-in-royal-blue-and-gold-prvw-vr~139086207
ottomans-and-cubes,https://www.houzz.com/products/baxton-studio-beige-velvet-and-brown-finished-wood-storage-ottoman-prvw-vr~167463607
ottomans-and-cubes,https://www.houzz.com/products/baxton-studio-brighton-beige-linen-modern-tufted-ottoman-prvw-vr~120645660
ottomans-and-cubes,https://www.houzz.com/products/baxton-studio-cardiff-beige-script-print-modern-tufted-ottoman-prvw-vr~120646118
ottomans-and-cubes,https://www.houzz.com/products/baxton-studio-castel-charcoal-velvet-fabric-upholstered-wood-storage-ottoman-prvw-vr~177946362
ottomans-and-cubes,https://www.houzz.com/products/baxton-studio-dark-brown-full-leather-small-storage-cube-ottoman-prvw-vr~152263401
ottomans-and-cubes,https://www.houzz.com/products/baxton-studio-dennehy-dark-brown-modern-ottoman-prvw-vr~39145447
ottomans-and-cubes,https://www.houzz.com/products/baxton-studio-edmund-storage-ottoman-rustic-dark-brown-oak-brown-prvw-vr~175833110
ottomans-and-cubes,https://www.houzz.com/products/baxton-studio-full-leather-small-storage-cube-ottoman-black-prvw-vr~88470827
ottomans-and-cubes,https://www.houzz.com/products/baxton-studio-full-leather-storage-cube-ottoman-dark-brown-prvw-vr~39136840
ottomans-and-cubes,https://www.houzz.com/products/baxton-studio-gendry-large-storage-ottoman-dark-brown-oak-brown-prvw-vr~174796470
ottomans-and-cubes,https://www.houzz.com/products/baxton-studio-grey-velvet-and-brown-finished-wood-storage-ottoman-prvw-vr~167463660
ottomans-and-cubes,https://www.houzz.com/products/baxton-studio-iglehart-gray-linen-modern-tufted-ottoman-prvw-vr~167776532
ottomans-and-cubes,https://www.houzz.com/products/baxton-studio-keswick-linen-modern-tufted-ottoman-beige-prvw-vr~116188721
ottomans-and-cubes,https://www.houzz.com/products/baxton-studio-noah-gray-velvet-fabric-and-gold-finished-square-cocktail-ottoman-prvw-vr~161937402
ottomans-and-cubes,https://www.houzz.com/products/baxton-studio-nox-dark-brown-ottoman-prvw-vr~174672140
ottomans-and-cubes,https://www.houzz.com/products/baxton-studio-pemberly-dark-brown-bonded-leather-square-ottoman-prvw-vr~174732653
ottomans-and-cubes,https://www.houzz.com/products/baxton-studio-sasha-royal-blue-velvet-upholstered-gold-finished-cocktail-ottoman-prvw-vr~155344106
ottomans-and-cubes,https://www.houzz.com/products/belleze-modern-upholstered-ottoman-solid-colored-circle-footrest-colby-blue-prvw-vr~184491914
ottomans-and-cubes,https://www.houzz.com/products/benjara-25-contemporary-fabric-upholstered-wood-ottoman-in-beige-and-brown-prvw-vr~170542549
ottomans-and-cubes,https://www.houzz.com/products/best-master-furniture-36-square-modern-gold-plated-accent-ottoman-in-gray-prvw-vr~172817184
ottomans-and-cubes,https://www.houzz.com/products/best-master-furniture-kelly-square-transitional-linen-fabric-ottoman-in-gray-prvw-vr~169208752
ottomans-and-cubes,https://www.houzz.com/products/best-master-furniture-kelly-square-transitional-velvet-fabric-ottoman-in-gray-prvw-vr~168500733
ottomans-and-cubes,https://www.houzz.com/products/best-master-velvet-upholstered-round-accent-stool-in-navy-blue-gold-base-prvw-vr~165164624
ottomans-and-cubes,https://www.houzz.com/products/black-chevron-and-ivory-textured-and-fringed-bohemian-stool-prvw-vr~160341844
ottomans-and-cubes,https://www.houzz.com/products/black-metal-contemporary-stool-39742-prvw-vr~170501532
ottomans-and-cubes,https://www.houzz.com/products/blue-velvet-with-gold-plated-square-accent-ottoman-prvw-vr~172817170
ottomans-and-cubes,https://www.houzz.com/products/bobbi-tray-storage-ottoman-black-prvw-vr~39088473
ottomans-and-cubes,https://www.houzz.com/products/bobbi-tray-storage-ottoman-off-white-prvw-vr~39088452
ottomans-and-cubes,https://www.houzz.com/products/bowery-hill-fabric-ottoman-in-light-gray-and-walnut-brown-prvw-vr~178250834
ottomans-and-cubes,https://www.houzz.com/products/brae-water-hyacinth-wood-storage-stool-brown-prvw-vr~184750761
ottomans-and-cubes,https://www.houzz.com/products/brika-home-faux-leather-ottoman-in-white-prvw-vr~126565937
ottomans-and-cubes,https://www.houzz.com/products/brika-home-faux-leather-tufted-ottoman-in-yellow-prvw-vr~167493068
ottomans-and-cubes,https://www.houzz.com/products/brika-home-square-storage-ottoman-in-espresso-prvw-vr~127552113
ottomans-and-cubes,https://www.houzz.com/products/brika-home-velvet-storage-ottoman-in-blush-and-gold-prvw-vr~176154775
ottomans-and-cubes,https://www.houzz.com/products/brown-striped-round-water-hyacinth-and-seagrass-ottoman-table-prvw-vr~158109374
ottomans-and-cubes,https://www.houzz.com/products/butler-home-decorative-mountain-lodge-finish-stool-prvw-vr~68211289
ottomans-and-cubes,https://www.houzz.com/products/butler-modern-expressions-brown-and-yellow-bunching-ottoman-prvw-vr~56887443
ottomans-and-cubes,https://www.houzz.com/products/butler-putnam-industrial-chic-stool-prvw-vr~56884659
ottomans-and-cubes,https://www.houzz.com/products/butler-transitional-leon-dark-brown-leather-ottoman-5561117-prvw-vr~169844646
ottomans-and-cubes,https://www.houzz.com/products/button-tufted-square-ottoman-bench-with-rolling-wheels-nailhead-trim-beige-prvw-vr~113606303
ottomans-and-cubes,https://www.houzz.com/products/caladeron-sandstone-ottoman-prvw-vr~159231920
ottomans-and-cubes,https://www.houzz.com/products/cameron-brown-rattan-stool-prvw-vr~70841554
ottomans-and-cubes,https://www.houzz.com/products/cardiff-linen-tufted-ottoman-beige-prvw-vr~39136977
ottomans-and-cubes,https://www.houzz.com/products/cardiff-ottoman-in-beige-prvw-vr~102468798
ottomans-and-cubes,https://www.houzz.com/products/carmen-ottoman-yellow-small-prvw-vr~54726122
ottomans-and-cubes,https://www.houzz.com/products/casey-velvet-ottoman-bench-sky-blue-prvw-vr~130432755
ottomans-and-cubes,https://www.houzz.com/products/chanelle-48-w-rubberwood-rectangle-ottoman-bench-in-platinum-tweed-look-fabric-prvw-vr~126475219
ottomans-and-cubes,https://www.houzz.com/products/chapman-contemporary-tray-top-storage-ottoman-brown-prvw-vr~186585319
ottomans-and-cubes,https://www.houzz.com/products/charenton-ottoman-charcoal-prvw-vr~186498628
ottomans-and-cubes,https://www.houzz.com/products/charlene-tufted-ottoman-mushroom-prvw-vr~39102913
ottomans-and-cubes,https://www.houzz.com/products/chesterfield-black-velvet-ottoman-prvw-vr~62771703
ottomans-and-cubes,https://www.houzz.com/products/chloe-round-stool-prvw-vr~167446054
ottomans-and-cubes,https://www.houzz.com/products/clara-tufted-round-ottoman-granite-prvw-vr~39102234
ottomans-and-cubes,https://www.houzz.com/products/clement-beige-fabric-medium-oak-finished-wood-spindle-storage-trunk-ottoman-set-prvw-vr~154846793
ottomans-and-cubes,https://www.houzz.com/products/coastal-coral-reef-ottoman-with-gold-base-or-wood-legs-wood-prvw-vr~184697257
ottomans-and-cubes,https://www.houzz.com/products/coastal-living-by-universal-furniture-escape-brown-rattan-ottoman-foot-stool-prvw-vr~160880478
ottomans-and-cubes,https://www.houzz.com/products/coaster-button-tufted-storage-ottoman-prvw-vr~138553657
ottomans-and-cubes,https://www.houzz.com/products/coaster-casual-faux-leather-storage-cube-ottoman-brown-prvw-vr~91916185
ottomans-and-cubes,https://www.houzz.com/products/coaster-contemporary-faux-leather-cube-ottoman-brown-prvw-vr~89961082
ottomans-and-cubes,https://www.houzz.com/products/coaster-round-upholstered-storage-ottoman-with-tufted-top-prvw-vr~95526137
ottomans-and-cubes,https://www.houzz.com/products/coaster-stonenesse-linen-storage-ottoman-in-gray-prvw-vr~81065553
ottomans-and-cubes,https://www.houzz.com/products/coaster-traditional-round-cocktail-ottoman-prvw-vr~41711825
ottomans-and-cubes,https://www.houzz.com/products/cocktail-ottoman-brown-prvw-vr~39088754
ottomans-and-cubes,https://www.houzz.com/products/cocktail-storage-ottoman-stone-prvw-vr~182890454
ottomans-and-cubes,https://www.houzz.com/products/comfortable-square-ottoman-premium-cotton-and-polyester-upholstery-light-grey-prvw-vr~150082497
ottomans-and-cubes,https://www.houzz.com/products/contemporary-leatherette-rectangular-tufted-ottoman-in-dark-brown-prvw-vr~177132077
ottomans-and-cubes,https://www.houzz.com/products/contemporary-storage-ottoman-wooden-legs-with-button-tufted-top-mixed-grey-prvw-vr~153896683
ottomans-and-cubes,https://www.houzz.com/products/contemporary-velvet-and-faux-leather-storage-ottoman-black-prvw-vr~177019230
ottomans-and-cubes,https://www.houzz.com/products/contour-tufted-button-cube-performance-velvet-ottoman-light-blue-prvw-vr~154096181
ottomans-and-cubes,https://www.houzz.com/products/convenience-concepts-designs4comfort-black-single-ottoman-with-stool-r8-111-prvw-vr~169810787
ottomans-and-cubes,https://www.houzz.com/products/convenience-concepts-designs4comfort-brentwood-ottoman-in-sandstone-beige-fabric-prvw-vr~56300030
ottomans-and-cubes,https://www.houzz.com/products/convenience-concepts-designs4comfort-coffee-table-ottoman-in-black-faux-leather-prvw-vr~174767270
ottomans-and-cubes,https://www.houzz.com/products/convenience-concepts-designs4comfort-dark-blue-linen-storage-ottoman-r9-125-prvw-vr~162433954
ottomans-and-cubes,https://www.houzz.com/products/convenience-concepts-designs4comfort-marlow-mid-century-ottoman-r9-128-prvw-vr~162434013
ottomans-and-cubes,https://www.houzz.com/products/convenience-concepts-designs4comfort-mid-century-ottoman-stool-in-blue-fabric-prvw-vr~86253644
ottomans-and-cubes,https://www.houzz.com/products/convenience-concepts-designs4comfort-mid-century-ottoman-stool-r9-140-prvw-vr~86253649
ottomans-and-cubes,https://www.houzz.com/products/convenience-concepts-designs4comfort-round-ottoman-in-ivory-faux-leather-fabric-prvw-vr~191381471
ottomans-and-cubes,https://www.houzz.com/products/convenience-concepts-designs4comfort-round-ottoman-tan-prvw-vr~162434188
ottomans-and-cubes,https://www.houzz.com/products/convenience-concepts-designs4comfort-round-storage-ottoman-with-white-r9-146-prvw-vr~169810998
ottomans-and-cubes,https://www.houzz.com/products/convenience-concepts-designs4comfort-sheridan-black-storage-ottoman-r8-104-prvw-vr~169326793
ottomans-and-cubes,https://www.houzz.com/products/convenience-concepts-designs4comfort-storage-ottoman-in-espresso-faux-leather-prvw-vr~122595727
ottomans-and-cubes,https://www.houzz.com/products/convenience-concepts-designs4comfort-storage-ottoman-with-trays-in-cream-fabric-prvw-vr~92931197
ottomans-and-cubes,https://www.houzz.com/products/convenience-concepts-magnolia-storage-ottoman-with-reversible-trays-r8-177-prvw-vr~162433950
ottomans-and-cubes,https://www.houzz.com/products/convenience-concepts-sheridan-storage-bench-ottoman-in-espresso-faux-leather-prvw-vr~14754211
ottomans-and-cubes,https://www.houzz.com/products/corinne-dark-gray-fabric-upholstered-ottoman-prvw-vr~113413478
ottomans-and-cubes,https://www.houzz.com/products/corliving-antonio-double-storage-ottoman-in-black-bonded-leather-prvw-vr~52864944
ottomans-and-cubes,https://www.houzz.com/products/corliving-antonio-storage-ottoman-yellow-fabric-prvw-vr~76122347
ottomans-and-cubes,https://www.houzz.com/products/corliving-boston-storage-dark-gray-fabric-ottoman-prvw-vr~172745330
ottomans-and-cubes,https://www.houzz.com/products/corliving-boston-storage-light-gray-fabric-ottoman-prvw-vr~172745353
ottomans-and-cubes,https://www.houzz.com/products/corliving-boston-tufted-dark-gray-fabric-ottoman-prvw-vr~186910932
ottomans-and-cubes,https://www.houzz.com/products/corliving-boston-tufted-light-gray-fabric-ottoman-prvw-vr~186910915
ottomans-and-cubes,https://www.houzz.com/products/corliving-boston-tufted-navy-blue-fabric-ottoman-prvw-vr~186910910
ottomans-and-cubes,https://www.houzz.com/products/corliving-linden-square-upholstered-storage-ottoman-dark-brown-prvw-vr~186910914
ottomans-and-cubes,https://www.houzz.com/products/corliving-perry-velvet-storage-ottoman-blue-prvw-vr~186910896
ottomans-and-cubes,https://www.houzz.com/products/corrine-glam-and-luxe-navy-blue-velvet-upholstered-and-gold-pu-leather-ottoman-prvw-vr~164842331
ottomans-and-cubes,https://www.houzz.com/products/cortesi-home-caroline-tufted-velvet-ottoman-emerald-green-prvw-vr~147228526
ottomans-and-cubes,https://www.houzz.com/products/cortesi-home-keyes-round-storage-ottoman-with-tray-top-blue-and-white-striped-f-prvw-vr~141679581
ottomans-and-cubes,https://www.houzz.com/products/cortesi-home-kora-contemporary-metal-cube-grey-prvw-vr~89297738
ottomans-and-cubes,https://www.houzz.com/products/cortesi-home-olivia-white-faux-fur-ottoman-20-prvw-vr~144328971
ottomans-and-cubes,https://www.houzz.com/products/cosmopolitan-34-in-w-rectangle-storage-ottoman-in-midnight-black-faux-leather-prvw-vr~166551585
ottomans-and-cubes,https://www.houzz.com/products/cosmopolitan-44-storage-ottoman-bench-in-cloud-gray-linen-look-fabric-prvw-vr~166554325
ottomans-and-cubes,https://www.houzz.com/products/cosmopolitan-storage-ottoman-bench-with-open-bottom-prvw-vr~139754123
ottomans-and-cubes,https://www.houzz.com/products/coventry-storage-ottoman-in-turkish-blue-herringbone-fabric-prvw-vr~182121476
ottomans-and-cubes,https://www.houzz.com/products/crafters-and-weavers-mission-spindle-stool-quarter-sawn-oak-and-leather-2-color-prvw-vr~173240288
ottomans-and-cubes,https://www.houzz.com/products/cream-round-tufted-storage-ottoman-prvw-vr~182246658
ottomans-and-cubes,https://www.houzz.com/products/daisy-velvet-flower-shaped-ottoman-prvw-vr~156820435
ottomans-and-cubes,https://www.houzz.com/products/dalvik-round-upholstered-accent-stool-with-gold-base-e33-black-prvw-vr~129585812
ottomans-and-cubes,https://www.houzz.com/products/dario-ottoman-orange-prvw-vr~126489920
ottomans-and-cubes,https://www.houzz.com/products/davinci-universal-traditional-fabric-gliding-ottoman-in-gray-with-cream-piping-prvw-vr~127546007
ottomans-and-cubes,https://www.houzz.com/products/deidra-ottoman-plum-silver-fabric-prvw-vr~120102695
ottomans-and-cubes,https://www.houzz.com/products/derek-oversized-velvet-ottoman-gray-prvw-vr~135771405
ottomans-and-cubes,https://www.houzz.com/products/designs4comfort-accent-storage-ottoman-in-green-faux-leather-fabric-prvw-vr~95669679
ottomans-and-cubes,https://www.houzz.com/products/designs4comfort-accent-storage-ottoman-with-reversible-tray-prvw-vr~162434270
ottomans-and-cubes,https://www.houzz.com/products/designs4comfort-accent-storage-ottoman-with-reversible-tray-prvw-vr~56300080
ottomans-and-cubes,https://www.houzz.com/products/designs4comfort-round-accent-storage-ottoman-in-blue-faux-leather-fabric-prvw-vr~191311337
ottomans-and-cubes,https://www.houzz.com/products/designs4comfort-round-accent-storage-ottoman-prvw-vr~162434134
ottomans-and-cubes,https://www.houzz.com/products/detour-strap-square-storage-ottoman-charcoal-fabric-prvw-vr~174897643
ottomans-and-cubes,https://www.houzz.com/products/diamond-swivel-ottoman-purple-and-polished-chrome-prvw-vr~186601305
ottomans-and-cubes,https://www.houzz.com/products/discus-boucle-ottoman-cream-prvw-vr~174673728
ottomans-and-cubes,https://www.houzz.com/products/diva-tufted-ottoman-taupe-prvw-vr~39102464
ottomans-and-cubes,https://www.houzz.com/products/domani-swivel-ottoman-large-graphite-prvw-vr~65999822
ottomans-and-cubes,https://www.houzz.com/products/donlen-gray-oversized-accent-ottoman-prvw-vr~186498609
ottomans-and-cubes,https://www.houzz.com/products/dorel-living-28-square-faux-leather-storage-ottoman-in-black-prvw-vr~167201246
ottomans-and-cubes,https://www.houzz.com/products/dorel-living-28-square-faux-leather-storage-ottoman-in-espresso-prvw-vr~161894337
ottomans-and-cubes,https://www.houzz.com/products/dover-3-piece-storage-ottoman-prvw-vr~172214472
ottomans-and-cubes,https://www.houzz.com/products/east-at-main-auana-raffia-stool-natural-black-stripe-prvw-vr~150850922
ottomans-and-cubes,https://www.houzz.com/products/east-at-mains-mathiston-brown-round-teakwood-stool-prvw-vr~80056414
ottomans-and-cubes,https://www.houzz.com/products/east-at-mains-nellie-brown-natural-hide-stool-prvw-vr~70842513
ottomans-and-cubes,https://www.houzz.com/products/east-at-mains-stanley-white-round-teakwood-stool-prvw-vr~80056348
ottomans-and-cubes,https://www.houzz.com/products/edgemod-curio-ottoman-carbon-black-brass-prvw-vr~158222481
ottomans-and-cubes,https://www.houzz.com/products/edgemod-curio-ottoman-saddle-tan-brass-prvw-vr~158222492
ottomans-and-cubes,https://www.houzz.com/products/edgemod-traversa-ottoman-carbon-black-antique-brass-prvw-vr~158222487
ottomans-and-cubes,https://www.houzz.com/products/egg-series-ottoman-white-leather-prvw-vr~184466616
ottomans-and-cubes,https://www.houzz.com/products/elegant-storage-ottoman-round-design-with-polyester-upholstery-tan-prvw-vr~148866214
ottomans-and-cubes,https://www.houzz.com/products/ellison-velveteen-ottoman-champagne-prvw-vr~169783067
ottomans-and-cubes,https://www.houzz.com/products/elson-white-storage-ottoman-prvw-vr~164451492
ottomans-and-cubes,https://www.houzz.com/products/emery-ottoman-blue-chocolate-prvw-vr~66703541
ottomans-and-cubes,https://www.houzz.com/products/emily-39-w-transitional-rectangle-storage-ottoman-in-cognac-brown-faux-leather-prvw-vr~160641788
ottomans-and-cubes,https://www.houzz.com/products/empress-upholstered-fabric-ottoman-gray-prvw-vr~81035286
ottomans-and-cubes,https://www.houzz.com/products/empress-upholstered-ottoman-prvw-vr~157521163
ottomans-and-cubes,https://www.houzz.com/products/endall-square-leather-coffee-table-ottoman-antique-brass-peacock-prvw-vr~137644381
ottomans-and-cubes,https://www.houzz.com/products/engage-upholstered-fabric-ottoman-citrus-prvw-vr~179960520
ottomans-and-cubes,https://www.houzz.com/products/eric-low-round-ottoman-envy-green-prvw-vr~173735390
ottomans-and-cubes,https://www.houzz.com/products/eric-low-round-ottoman-naval-blue-prvw-vr~173735477
ottomans-and-cubes,https://www.houzz.com/products/everett-3-pack-storage-ottoman-blue-prvw-vr~149218005
ottomans-and-cubes,https://www.houzz.com/products/everett-3-pack-storage-ottoman-natural-prvw-vr~149218008
ottomans-and-cubes,https://www.houzz.com/products/evolution-by-crestview-collection-magnolia-linen-fabric-storage-stool-in-gray-prvw-vr~162569203
ottomans-and-cubes,https://www.houzz.com/products/fabric-channel-tufted-round-ottoman-with-metal-base-in-blue-and-gold-prvw-vr~176108091
ottomans-and-cubes,https://www.houzz.com/products/fabric-upholstered-wooden-ottoman-with-botanical-print-in-beige-and-black-prvw-vr~175274581
ottomans-and-cubes,https://www.houzz.com/products/fatboy-point-stonewashed-gray-prvw-vr~149858617
ottomans-and-cubes,https://www.houzz.com/products/faux-fur-upholstered-wooden-foot-stool-with-3-leg-support-in-black-prvw-vr~175651686
ottomans-and-cubes,https://www.houzz.com/products/faux-fur-upholstered-wooden-ottoman-in-cube-shape-in-white-prvw-vr~174046982
ottomans-and-cubes,https://www.houzz.com/products/faux-leather-rectangular-stool-prvw-vr~17643736
ottomans-and-cubes,https://www.houzz.com/products/faux-leather-storage-ottoman-brown-prvw-vr~170200096
ottomans-and-cubes,https://www.houzz.com/products/fernanda-pu-leather-tufted-with-nailhead-trim-acrylic-legs-ottoman-cream-white-prvw-vr~92907928
ottomans-and-cubes,https://www.houzz.com/products/ferris-oval-ottoman-mp101-0199-prvw-vr~149985422
ottomans-and-cubes,https://www.houzz.com/products/fiona-decorative-footstool-beige-prvw-vr~42577030
ottomans-and-cubes,https://www.houzz.com/products/fiona-tassel-fringe-footstool-ottoman-silver-gray-striped-chenille-prvw-vr~106436205
ottomans-and-cubes,https://www.houzz.com/products/fiona-traditional-decorative-footstool-silver-paisley-prvw-vr~161587183
ottomans-and-cubes,https://www.houzz.com/products/fiona-velvet-linen-upholstered-tufted-octagon-storage-ottoman-light-grey-velvet-prvw-vr~109337905
ottomans-and-cubes,https://www.houzz.com/products/flash-furniture-barrington-round-pouf-ottoman-in-dark-gray-prvw-vr~179301022
ottomans-and-cubes,https://www.houzz.com/products/flintshire-auburn-oversized-accent-ottoman-prvw-vr~151458405
ottomans-and-cubes,https://www.houzz.com/products/frankfurt-double-flip-storage-ottoman-brown-prvw-vr~126376326
ottomans-and-cubes,https://www.houzz.com/products/frankfurt-leather-storage-flip-top-ottoman-dark-brown-prvw-vr~165971856
ottomans-and-cubes,https://www.houzz.com/products/franklin-street-ottoman-prvw-vr~160880591
ottomans-and-cubes,https://www.houzz.com/products/fredrick-fabric-ottoman-gray-prvw-vr~190221615
ottomans-and-cubes,https://www.houzz.com/products/fringe-ottoman-powder-blue-velvet-prvw-vr~148084023
ottomans-and-cubes,https://www.houzz.com/products/furniture-of-america-flaig-transitional-fabric-convertible-ottoman-in-pink-prvw-vr~177705396
ottomans-and-cubes,https://www.houzz.com/products/furniture-of-america-halston-tufted-faux-leather-ottoman-with-tray-in-black-prvw-vr~59299063
ottomans-and-cubes,https://www.houzz.com/products/furniture-of-america-laina-contemporary-fabric-storage-bench-in-green-prvw-vr~68260534
ottomans-and-cubes,https://www.houzz.com/products/furniture-of-america-medford-contemporary-chenille-upholstered-ottoman-in-gray-prvw-vr~156290627
ottomans-and-cubes,https://www.houzz.com/products/furniture-of-america-mozyrt-transitional-fabric-round-ottoman-in-green-prvw-vr~170383728
ottomans-and-cubes,https://www.houzz.com/products/furniture-of-america-stenson-chenille-upholstered-ottoman-in-warm-gray-prvw-vr~152976404
ottomans-and-cubes,https://www.houzz.com/products/fuzzy-white-ottoman-pouf-prvw-vr~62258782
ottomans-and-cubes,https://www.houzz.com/products/gdf-studio-alpine-leather-storage-ottoman-coffee-table-prvw-vr~19299554
ottomans-and-cubes,https://www.houzz.com/products/gdf-studio-berkeley-espresso-leather-storage-ottoman-coffee-table-prvw-vr~7610189
ottomans-and-cubes,https://www.houzz.com/products/gdf-studio-bertha-milk-cow-patterned-new-velvet-ottoman-black-white-cow-prvw-vr~103883982
ottomans-and-cubes,https://www.houzz.com/products/gdf-studio-breanna-contemporary-storage-ottoman-white-and-blue-floral-fabric-prvw-vr~90538774
ottomans-and-cubes,https://www.houzz.com/products/gdf-studio-brighton-contemporary-tufted-linen-storage-ottoman-bench-prvw-vr~7588344
ottomans-and-cubes,https://www.houzz.com/products/gdf-studio-carlyle-fabric-storage-ottoman-dark-teal-fabric-prvw-vr~86611244
ottomans-and-cubes,https://www.houzz.com/products/gdf-studio-carolina-tufted-cover-fabric-storage-ottoman-dark-blue-prvw-vr~94146695
ottomans-and-cubes,https://www.houzz.com/products/gdf-studio-carolina-tufted-cover-fabric-storage-ottoman-dark-gray-prvw-vr~94146696
ottomans-and-cubes,https://www.houzz.com/products/gdf-studio-chatsworth-tufted-fabric-storage-ottoman-with-rolling-casters-prvw-vr~93145141
ottomans-and-cubes,https://www.houzz.com/products/gdf-studio-clor-chic-and-modern-storage-ottoman-gray-geometric-prvw-vr~87012766
ottomans-and-cubes,https://www.houzz.com/products/gdf-studio-cordoba-contemporary-button-tufted-fabric-ottoman-gray-prvw-vr~13159154
ottomans-and-cubes,https://www.houzz.com/products/gdf-studio-dumont-mid-century-modern-fabric-ottoman-beige-prvw-vr~88832886
ottomans-and-cubes,https://www.houzz.com/products/gdf-studio-evvy-fabric-storage-ottoman-light-gray-prvw-vr~86166869
ottomans-and-cubes,https://www.houzz.com/products/gdf-studio-justin-brown-leather-tray-top-storage-ottoman-brown-prvw-vr~52238809
ottomans-and-cubes,https://www.houzz.com/products/gdf-studio-kalani-tufted-new-velvet-ottoman-black-prvw-vr~104086546
ottomans-and-cubes,https://www.houzz.com/products/gdf-studio-kalani-tufted-new-velvet-ottoman-navy-blue-prvw-vr~104086548
ottomans-and-cubes,https://www.houzz.com/products/gdf-studio-laguna-tufted-storage-ottoman-fabric-gray-prvw-vr~90739855
ottomans-and-cubes,https://www.houzz.com/products/gdf-studio-laguna-tufted-storage-ottoman-fabric-plum-prvw-vr~90739859
ottomans-and-cubes,https://www.houzz.com/products/gdf-studio-logan-linen-storage-ottoman-linen-prvw-vr~10532077
ottomans-and-cubes,https://www.houzz.com/products/gdf-studio-maelyn-modern-glam-tufted-velvet-round-ottoman-teal-prvw-vr~86491302
ottomans-and-cubes,https://www.houzz.com/products/gdf-studio-parisian-coffee-table-dark-blue-prvw-vr~91853216
ottomans-and-cubes,https://www.houzz.com/products/gdf-studio-provence-dark-teal-tufted-velvet-fabric-square-ottoman-bench-fuchsia-prvw-vr~58780436
ottomans-and-cubes,https://www.houzz.com/products/gdf-studio-sheffield-fabric-beige-tufted-storage-ottoman-prvw-vr~83699572
ottomans-and-cubes,https://www.houzz.com/products/gdf-studio-sterling-fabric-tufted-storage-ottoman-gray-prvw-vr~90882032
ottomans-and-cubes,https://www.houzz.com/products/gdf-studio-sterling-fabric-tufted-storage-ottoman-light-sky-prvw-vr~90882030
ottomans-and-cubes,https://www.houzz.com/products/gdf-studio-tucson-leather-storage-ottoman-coffee-table-black-prvw-vr~19305464
ottomans-and-cubes,https://www.houzz.com/products/gdf-studio-tucson-leather-storage-ottoman-coffee-table-brown-prvw-vr~20997411
ottomans-and-cubes,https://www.houzz.com/products/gdf-studio-vassy-modern-velvet-ottoman-bench-gray-brush-gold-prvw-vr~143878768
ottomans-and-cubes,https://www.houzz.com/products/global-archive-leather-ottoman-dark-sienna-prvw-vr~174751213
ottomans-and-cubes,https://www.houzz.com/products/glory-furniture-revere-faux-leather-ottoman-in-cappuccino-prvw-vr~179459876
ottomans-and-cubes,https://www.houzz.com/products/gold-fabric-and-wood-contemporary-stool-53749-prvw-vr~161995524
ottomans-and-cubes,https://www.houzz.com/products/golden-tree-trunk-garden-stool-d16x23-prvw-vr~178327221
ottomans-and-cubes,https://www.houzz.com/products/graftin-oversized-accent-ottoman-prvw-vr~186498734
ottomans-and-cubes,https://www.houzz.com/products/grant-ottoman-black-leather-prvw-vr~39102817
ottomans-and-cubes,https://www.houzz.com/products/gray-faux-fur-stool-prvw-vr~117031529
ottomans-and-cubes,https://www.houzz.com/products/gray-leather-contemporary-stool-95920-prvw-vr~154933145
ottomans-and-cubes,https://www.houzz.com/products/hailey-velvet-ottoman-stool-gold-band-pink-prvw-vr~126375868
ottomans-and-cubes,https://www.houzz.com/products/hamilton-storage-ottoman-prvw-vr~179722114
ottomans-and-cubes,https://www.houzz.com/products/hamilton-storage-ottoman-velvet-fabric-stone-gray-prvw-vr~110678148
ottomans-and-cubes,https://www.houzz.com/products/harper-velvet-ottoman-stool-navy-prvw-vr~126375899
ottomans-and-cubes,https://www.houzz.com/products/harper-velvet-ottoman-stool-sky-blue-prvw-vr~126375882
ottomans-and-cubes,https://www.houzz.com/products/harrison-coffee-table-storage-ottoman-prvw-vr~168494326
ottomans-and-cubes,https://www.houzz.com/products/harrison-single-tray-ottoman-prvw-vr~25859462
ottomans-and-cubes,https://www.houzz.com/products/hawthorne-collection-faux-leather-cube-ottoman-in-brown-set-of-2-prvw-vr~77798864
ottomans-and-cubes,https://www.houzz.com/products/hawthorne-collections-elk-river-traditional-ottoman-gray-prvw-vr~176154762
ottomans-and-cubes,https://www.houzz.com/products/heart-pink-velvet-ottoman-stool-pink-prvw-vr~135867910
ottomans-and-cubes,https://www.houzz.com/products/helena-round-ottoman-natural-wood-legs-chamoise-taupe-prvw-vr~92194627
ottomans-and-cubes,https://www.houzz.com/products/henley-tufted-ottoman-bench-prvw-vr~172958291
ottomans-and-cubes,https://www.houzz.com/products/hercules-alon-series-melrose-white-leather-ottomanbrushed-stainless-steel-base-prvw-vr~112314744
ottomans-and-cubes,https://www.houzz.com/products/hercules-imagination-series-black-leather-ottoman-prvw-vr~53294419
ottomans-and-cubes,https://www.houzz.com/products/hewlett-contemporary-ottoman-weathered-cognac-faux-leather-prvw-vr~163338765
ottomans-and-cubes,https://www.houzz.com/products/hodedah-2-piece-dark-gray-velvet-upholstered-ottoman-prvw-vr~139522245
ottomans-and-cubes,https://www.houzz.com/products/hogan-ottoman-black-leather-prvw-vr~56501806
ottomans-and-cubes,https://www.houzz.com/products/hollyann-blue-oversized-accent-ottoman-prvw-vr~163426699
ottomans-and-cubes,https://www.houzz.com/products/hollyann-gray-oversized-accent-ottoman-prvw-vr~163426711
ottomans-and-cubes,https://www.houzz.com/products/homestead-collection-footstool-stain-and-clear-lacquer-finish-prvw-vr~53174454
ottomans-and-cubes,https://www.houzz.com/products/horton-stool-blue-prvw-vr~159634813
ottomans-and-cubes,https://www.houzz.com/products/howard-elliott-no-tip-cylinder-ottoman-with-cover-sterling-canyon-prvw-vr~99050765
ottomans-and-cubes,https://www.houzz.com/products/howard-elliott-scroll-puff-ottoman-with-cover-titanium-frame-bella-royal-prvw-vr~86220884
ottomans-and-cubes,https://www.houzz.com/products/intersperse-velvet-ottoman-sea-blue-prvw-vr~179964727
ottomans-and-cubes,https://www.houzz.com/products/isabelle-natural-round-tufted-ottoman-prvw-vr~171395899
ottomans-and-cubes,https://www.houzz.com/products/isla-velvet-ottoman-stool-black-prvw-vr~126375870
ottomans-and-cubes,https://www.houzz.com/products/jan-tufted-vanity-stool-ottoman-gold-and-gray-prvw-vr~42577038
ottomans-and-cubes,https://www.houzz.com/products/jassmyn-charcoal-oversized-accent-ottoman-prvw-vr~156986278
ottomans-and-cubes,https://www.houzz.com/products/jax-velvet-ottoman-stool-gray-gold-base-prvw-vr~126375887
ottomans-and-cubes,https://www.houzz.com/products/jayden-upholstered-fabric-ottoman-beige-prvw-vr~120651063
ottomans-and-cubes,https://www.houzz.com/products/jean-square-ottoman-naval-blue-prvw-vr~173724917
ottomans-and-cubes,https://www.houzz.com/products/jennifer-taylor-home-ace-round-tufted-accent-ottoman-classic-brown-prvw-vr~175427429
ottomans-and-cubes,https://www.houzz.com/products/jenson-ottoman-bench-prvw-vr~102552758
ottomans-and-cubes,https://www.houzz.com/products/jonathan-flip-top-ottoman-prvw-vr~56456259
ottomans-and-cubes,https://www.houzz.com/products/jonathan-flip-top-ottoman-saddle-prvw-vr~39088587
ottomans-and-cubes,https://www.houzz.com/products/jonathan-ottoman-white-prvw-vr~56410554
ottomans-and-cubes,https://www.houzz.com/products/joplin-32-x-32-x-18-furniture-piece-prvw-vr~182074332
ottomans-and-cubes,https://www.houzz.com/products/jordan-art-deco-nailhead-ottoman-navy-blue-prvw-vr~151325568
ottomans-and-cubes,https://www.houzz.com/products/josefina-glam-luxe-navy-blue-velvet-fabric-and-gold-pu-leather-ottoman-prvw-vr~165891314
ottomans-and-cubes,https://www.houzz.com/products/joy-fur-ottoman-stool-gray-prvw-vr~126375857
ottomans-and-cubes,https://www.houzz.com/products/jules-square-footstool-accent-ottoman-navy-blue-velvet-prvw-vr~42577761
ottomans-and-cubes,https://www.houzz.com/products/julia-swivel-velvet-ottoman-prvw-vr~156173068
ottomans-and-cubes,https://www.houzz.com/products/julia-velvet-upholstered-modular-component-prvw-vr~162990255
ottomans-and-cubes,https://www.houzz.com/products/kelly-charcoal-linen-fabric-upholstered-and-greywashed-wood-cocktail-ottoman-prvw-vr~159607627
ottomans-and-cubes,https://www.houzz.com/products/kenan-tufted-ottoman-bordeaux-prvw-vr~39102806
ottomans-and-cubes,https://www.houzz.com/products/keswick-ottoman-in-beige-prvw-vr~33009067
ottomans-and-cubes,https://www.houzz.com/products/la-rosa-tufted-ottoman-burgundy-velvet-prvw-vr~20802868
ottomans-and-cubes,https://www.houzz.com/products/la-rosa-tufted-round-ottoman-purple-velvet-prvw-vr~111492069
ottomans-and-cubes,https://www.houzz.com/products/laredo-51-inch-wide-rectangle-large-storage-ottoman-in-stone-grey-faux-leather-prvw-vr~110678850
ottomans-and-cubes,https://www.houzz.com/products/large-storage-bench-slatted-shelf-and-faux-leather-upholstery-stone-grey-prvw-vr~150071332
ottomans-and-cubes,https://www.houzz.com/products/laura-linen-button-tufted-nailhead-trim-half-moon-storage-ottoman-cream-white-prvw-vr~92908051
ottomans-and-cubes,https://www.houzz.com/products/lauren-fabric-wooden-stool-prvw-vr~167446060
ottomans-and-cubes,https://www.houzz.com/products/lavish-home-pair-folding-ottoman-with-pockets-charcoal-gray-prvw-vr~141856340
ottomans-and-cubes,https://www.houzz.com/products/leatherette-storage-ottoman-with-reversible-trays-black-prvw-vr~182889532
ottomans-and-cubes,https://www.houzz.com/products/leisuremod-myrtle-19-modern-square-velvet-purple-ottoman-w-gold-base-prvw-vr~176154649
ottomans-and-cubes,https://www.houzz.com/products/leisuremod-troy-modern-round-velvet-ottoman-footrest-gold-band-pink-prvw-vr~172091093
ottomans-and-cubes,https://www.houzz.com/products/leisuremod-troy-modern-round-velvet-ottoman-footrest-gold-band-purple-prvw-vr~172091096
ottomans-and-cubes,https://www.houzz.com/products/lemele-round-velvet-ottoman-sharkfin-gray-prvw-vr~110615293
ottomans-and-cubes,https://www.houzz.com/products/leona-hourglass-vanity-stool-ottoman-ice-blue-satin-prvw-vr~84845868
ottomans-and-cubes,https://www.houzz.com/products/lexicon-barrington-faux-leather-ottoman-in-brown-prvw-vr~162859523
ottomans-and-cubes,https://www.houzz.com/products/lexicon-barrington-faux-leather-ottoman-in-gray-prvw-vr~162859538
ottomans-and-cubes,https://www.houzz.com/products/lexicon-cleo-wood-storage-ottoman-in-blue-gray-prvw-vr~162859691
ottomans-and-cubes,https://www.houzz.com/products/lexicon-cleo-wood-storage-ottoman-in-yellow-prvw-vr~162859692
ottomans-and-cubes,https://www.houzz.com/products/lexicon-denby-wood-storage-ottoman-with-chair-in-red-prvw-vr~162859611
ottomans-and-cubes,https://www.houzz.com/products/lexicon-maston-microfiber-ottoman-with-storage-in-gray-prvw-vr~162859683
ottomans-and-cubes,https://www.houzz.com/products/lexicon-phelps-upholstered-ottoman-in-dark-gray-prvw-vr~162859712
ottomans-and-cubes,https://www.houzz.com/products/lexicon-phelps-velvet-upholstered-ottoman-in-coffee-prvw-vr~162859714
ottomans-and-cubes,https://www.houzz.com/products/linon-anna-campaign-metal-accent-stool-in-black-prvw-vr~117944794
ottomans-and-cubes,https://www.houzz.com/products/linon-isabelle-round-wood-upholstered-ottoman-in-charcoal-gray-prvw-vr~162841707
ottomans-and-cubes,https://www.houzz.com/products/linon-isabelle-round-wood-upholstered-ottoman-in-natural-beige-prvw-vr~162232373
ottomans-and-cubes,https://www.houzz.com/products/linon-royce-upholstered-faux-leather-storage-ottoman-in-brown-prvw-vr~171593604
ottomans-and-cubes,https://www.houzz.com/products/lock-round-tufted-ottoman-brown-prvw-vr~15546070
ottomans-and-cubes,https://www.houzz.com/products/locklin-ottoman-prvw-vr~186498737
ottomans-and-cubes,https://www.houzz.com/products/loft-lyfe-tyson-ottoman-upholstered-black-velvet-prvw-vr~164103868
ottomans-and-cubes,https://www.houzz.com/products/loft-tufted-button-upholstered-faux-leather-ottoman-silver-white-prvw-vr~174159464
ottomans-and-cubes,https://www.houzz.com/products/lorenzo-velvet-ottoman-coffee-table-green-prvw-vr~175744790
ottomans-and-cubes,https://www.houzz.com/products/lucas-velvet-ottoman-black-prvw-vr~81142913
ottomans-and-cubes,https://www.houzz.com/products/luciana-tufted-cocktail-ottoman-with-skirt-antique-white-prvw-vr~151325593
ottomans-and-cubes,https://www.houzz.com/products/luisa-upholstered-vinyl-ottoman-espresso-prvw-vr~120652348
ottomans-and-cubes,https://www.houzz.com/products/lumisource-marla-gold-and-cream-nesting-pleated-ottoman-set-ot-marla-plt-vcr-prvw-vr~159356270
ottomans-and-cubes,https://www.houzz.com/products/lumisource-tray-contemporary-natural-wood-and-blue-fabric-stool-ot-tray-nabu-prvw-vr~174564219
ottomans-and-cubes,https://www.houzz.com/products/madison-square-ottoman-black-leather-prvw-vr~39090719
ottomans-and-cubes,https://www.houzz.com/products/maklaine-faux-leather-storage-coffee-table-ottoman-in-taupe-prvw-vr~111645795
ottomans-and-cubes,https://www.houzz.com/products/malina-navy-blue-velvet-fabric-upholstered-and-gold-finish-metal-storage-ottoman-prvw-vr~184751064
ottomans-and-cubes,https://www.houzz.com/products/malina-pink-velvet-fabric-upholstered-and-gold-finished-metal-storage-ottoman-prvw-vr~184751006
ottomans-and-cubes,https://www.houzz.com/products/mallory-casual-and-contemporary-ottoman-chocolate-prvw-vr~112732038
ottomans-and-cubes,https://www.houzz.com/products/mariana-tufted-leather-ottoman-prvw-vr~107630445
ottomans-and-cubes,https://www.houzz.com/products/marla-nesting-ottoman-set-yellow-plush-fabric-prvw-vr~167616355
ottomans-and-cubes,https://www.houzz.com/products/marquis-velvet-ottoman-with-brushed-gold-stainless-steel-base-prvw-vr~156819549
ottomans-and-cubes,https://www.houzz.com/products/marta-142w-storage-ottoman-set-of-2-gray-prvw-vr~189270516
ottomans-and-cubes,https://www.houzz.com/products/mason-velvet-brick-quilted-cube-ottoman-navy-prvw-vr~111552686
ottomans-and-cubes,https://www.houzz.com/products/maxine-glam-velvet-fabric-gold-button-tuft-ottoman-royal-blue-prvw-vr~136958626
ottomans-and-cubes,https://www.houzz.com/products/medical-step-stool-steel-footstool-with-handle-support-for-seniors-kids-prvw-vr~118122883
ottomans-and-cubes,https://www.houzz.com/products/melody-tasseled-ottoman-cream-prvw-vr~178862650
ottomans-and-cubes,https://www.houzz.com/products/mercer-navy-velvet-ottoman-prvw-vr~152839008
ottomans-and-cubes,https://www.houzz.com/products/micha-ottoman-gray-prvw-vr~75967000
ottomans-and-cubes,https://www.houzz.com/products/milan-ottoman-orange-prvw-vr~78285230
ottomans-and-cubes,https://www.houzz.com/products/millie-tufted-ottoman-champagne-prvw-vr~124875858
ottomans-and-cubes,https://www.houzz.com/products/million-dollar-baby-classic-willa-alden-gliding-ottoman-in-grey-eco-weave-prvw-vr~174395379
ottomans-and-cubes,https://www.houzz.com/products/milltown-footstool-small-ottoman-bench-prvw-vr~172214702
ottomans-and-cubes,https://www.houzz.com/products/milltown-footstool-small-ottoman-bench-prvw-vr~172958280
ottomans-and-cubes,https://www.houzz.com/products/mingle-upholstered-fabric-ottoman-white-prvw-vr~157958644
ottomans-and-cubes,https://www.houzz.com/products/mission-solid-oak-leather-footstool-ottoman-prvw-vr~103570459
ottomans-and-cubes,https://www.houzz.com/products/mitchell-ottoman-havana-dark-brown-prvw-vr~124129053
ottomans-and-cubes,https://www.houzz.com/products/moapa-16-x-16-x-18-pouf-prvw-vr~182080339
ottomans-and-cubes,https://www.houzz.com/products/modern-16-ottoman-pouffe-storage-box-lounge-seat-footstools-black-prvw-vr~136024476
ottomans-and-cubes,https://www.houzz.com/products/modern-artos-round-ottoman-in-black-leatherette-prvw-vr~151213438
ottomans-and-cubes,https://www.houzz.com/products/modern-cube-ottomans-set-of-2-black-prvw-vr~123275430
ottomans-and-cubes,https://www.houzz.com/products/modern-farmhouse-ottoman-wooden-base-with-square-tufted-polyester-seat-grey-prvw-vr~153737562
ottomans-and-cubes,https://www.houzz.com/products/modern-fenix-ottoman-black-leatherette-with-brushed-stainless-steel-base-prvw-vr~144440658
ottomans-and-cubes,https://www.houzz.com/products/modern-round-storage-ottoman-velvet-upholstery-and-gold-ring-accents-steel-grey-prvw-vr~150071686
ottomans-and-cubes,https://www.houzz.com/products/modern-storage-ottoman-distressed-brown-faux-leather-large-inner-space-prvw-vr~150083488
ottomans-and-cubes,https://www.houzz.com/products/modern-style-square-shaped-wood-and-metal-cocktail-ottoman-gold-and-beige-prvw-vr~95567879
ottomans-and-cubes,https://www.houzz.com/products/modway-commix-down-filled-overstuffed-performance-velvet-ottoman-prvw-vr~182328357
ottomans-and-cubes,https://www.houzz.com/products/monarch-leather-cube-ottoman-in-red-set-of-2-prvw-vr~161507528
ottomans-and-cubes,https://www.houzz.com/products/mongolian-fur-ottoman-silver-cloud-46x16x22-prvw-vr~147807139
ottomans-and-cubes,https://www.houzz.com/products/monique-storage-ottoman-blush-prvw-vr~142924948
ottomans-and-cubes,https://www.houzz.com/products/monroe-48-w-rectangle-storage-ottoman-in-fawn-brown-linen-look-fabric-prvw-vr~158229236
ottomans-and-cubes,https://www.houzz.com/products/morgan-cognac-pleated-ottoman-cognac-prvw-vr~187628771
ottomans-and-cubes,https://www.houzz.com/products/myrtle-19-modern-square-weave-velvet-ottoman-with-gold-base-orange-prvw-vr~172210813
ottomans-and-cubes,https://www.houzz.com/products/naomi-velvet-ottoman-bench-gold-and-chrome-leg-set-gray-prvw-vr~126376083
ottomans-and-cubes,https://www.houzz.com/products/naomi-velvet-ottoman-bench-gold-and-chrome-leg-set-navy-prvw-vr~126376074
ottomans-and-cubes,https://www.houzz.com/products/natural-greige-tufted-storage-ottoman-in-gray-prvw-vr~127230256
ottomans-and-cubes,https://www.houzz.com/products/navy-blue-velvet-pleated-storage-ottoman-with-gold-chrome-base-set-of-2-prvw-vr~174825355
ottomans-and-cubes,https://www.houzz.com/products/nevaeh-upholstered-fabric-ottoman-beige-prvw-vr~120652400
ottomans-and-cubes,https://www.houzz.com/products/nicole-miller-foxx-octagon-cocktail-ottoman-chrome-nailhead-trim-black-velvet-prvw-vr~145673410
ottomans-and-cubes,https://www.houzz.com/products/nicole-miller-jaziel-ottoman-upholstered-cream-white-gold-prvw-vr~148359424
ottomans-and-cubes,https://www.houzz.com/products/nicole-miller-pharaoh-ottoman-upholstered-velvet-gray-chrome-prvw-vr~183900768
ottomans-and-cubes,https://www.houzz.com/products/nixon-navy-velvet-ottoman-bench-prvw-vr~99969516
ottomans-and-cubes,https://www.houzz.com/products/nixon-sky-blue-velvet-ottoman-bench-prvw-vr~126058915
ottomans-and-cubes,https://www.houzz.com/products/noble-house-carino-storage-ottoman-in-black-prvw-vr~102453030
ottomans-and-cubes,https://www.houzz.com/products/noble-house-silvio-double-tray-ottoman-in-brown-prvw-vr~102453316
ottomans-and-cubes,https://www.houzz.com/products/nokomis-oversized-accent-ottoman-prvw-vr~186498729
ottomans-and-cubes,https://www.houzz.com/products/nova-grey-velvet-ottoman-grey-prvw-vr~174732600
ottomans-and-cubes,https://www.houzz.com/products/opal-black-velvet-ottoman-gold-base-black-prvw-vr~187628749
ottomans-and-cubes,https://www.houzz.com/products/opal-green-velvet-ottoman-green-prvw-vr~123172065
ottomans-and-cubes,https://www.houzz.com/products/ore-international-175-tall-tufted-storage-ottoman-hb4773-prvw-vr~170592063
ottomans-and-cubes,https://www.houzz.com/products/oregon-42-w-storage-ottoman-bench-with-tray-in-midnight-black-faux-leather-prvw-vr~160717579
ottomans-and-cubes,https://www.houzz.com/products/oria-faux-fur-x-leg-gold-base-ottoman-white-gold-prvw-vr~111647494
ottomans-and-cubes,https://www.houzz.com/products/orient-express-bella-antique-margo-ottoman-prvw-vr~135894152
ottomans-and-cubes,https://www.houzz.com/products/otto-stool-gray-prvw-vr~60307251
ottomans-and-cubes,https://www.houzz.com/products/ottoman-black-leather-look-fabric-prvw-vr~163879560
ottomans-and-cubes,https://www.houzz.com/products/ottoman-footstool-handmade-eco-natural-rattan-wicker-with-cream-cushion-white-w-prvw-vr~96439352
ottomans-and-cubes,https://www.houzz.com/products/ottoman-gray-velvet-prvw-vr~168922916
ottomans-and-cubes,https://www.houzz.com/products/ottoman-grey-velvet-natural-wood-legs-prvw-vr~171800005
ottomans-and-cubes,https://www.houzz.com/products/owen-rectangular-storage-ottoman-prvw-vr~173361684
ottomans-and-cubes,https://www.houzz.com/products/owen-square-coffee-table-storage-ottoman-polyester-fabric-distressed-saddle-br-prvw-vr~165653469
ottomans-and-cubes,https://www.houzz.com/products/palmer-ottoman-blond-ash-distressed-wood-garrison-cotton-3a-packaging-prvw-vr~171748161
ottomans-and-cubes,https://www.houzz.com/products/palmer-ottoman-plum-prvw-vr~39102158
ottomans-and-cubes,https://www.houzz.com/products/panja-southwestern-handwoven-jute-ottoman-prvw-vr~152188425
ottomans-and-cubes,https://www.houzz.com/products/paola-linen-button-tufted-silver-nailhead-trim-x-leg-ottoman-cream-white-prvw-vr~91762489
ottomans-and-cubes,https://www.houzz.com/products/papas-footstool-brown-leather-prvw-vr~102530755
ottomans-and-cubes,https://www.houzz.com/products/pasargad-home-galaxy-cowhide-ottoman-prvw-vr~108726236
ottomans-and-cubes,https://www.houzz.com/products/paula-ottoman-clay-leather-prvw-vr~39102192
ottomans-and-cubes,https://www.houzz.com/products/pemberly-row-contemporary-34-storage-ottoman-in-black-faux-leather-prvw-vr~183051083
ottomans-and-cubes,https://www.houzz.com/products/pemberly-row-mid-century-ottoman-stool-in-blue-prvw-vr~127556775
ottomans-and-cubes,https://www.houzz.com/products/pemberly-row-round-ottoman-in-espresso-prvw-vr~118469034
ottomans-and-cubes,https://www.houzz.com/products/pemberly-row-storage-ottoman-in-tan-prvw-vr~118468973
ottomans-and-cubes,https://www.houzz.com/products/pemberly-row-traditional-36-faux-leather-ottoman-in-distressed-dark-blue-prvw-vr~183051079
ottomans-and-cubes,https://www.houzz.com/products/pemberly-row-wood-storage-ottoman-with-chair-in-blue-prvw-vr~175637433
ottomans-and-cubes,https://www.houzz.com/products/picket-house-furnishings-everett-3-piece-ottoman-set-in-natural-prvw-vr~169856963
ottomans-and-cubes,https://www.houzz.com/products/porscha-tufted-round-velvet-ottoman-ivory-prvw-vr~165971678
ottomans-and-cubes,https://www.houzz.com/products/posh-living-colin-velvet-and-stainless-steel-base-ottoman-in-black-gold-prvw-vr~159259635
ottomans-and-cubes,https://www.houzz.com/products/posh-living-leonard-modern-velvet-square-ottoman-in-blush-pink-prvw-vr~159259531
ottomans-and-cubes,https://www.houzz.com/products/posh-living-micah-modern-quilted-velvet-upholstered-cube-ottoman-in-gray-prvw-vr~159259587
ottomans-and-cubes,https://www.houzz.com/products/posh-living-nathan-linen-fabric-half-moon-storage-ottoman-in-cream-white-prvw-vr~166553648
ottomans-and-cubes,https://www.houzz.com/products/posh-living-nolan-tufted-faux-leather-cube-ottoman-with-metal-frame-in-purple-prvw-vr~159259398
ottomans-and-cubes,https://www.houzz.com/products/poundex-furniture-cotton-blended-fabric-cocktail-ottoman-in-blue-color-prvw-vr~175637088
ottomans-and-cubes,https://www.houzz.com/products/poundex-furniture-tufted-fabric-cocktail-ottoman-in-ash-black-color-prvw-vr~184290059
ottomans-and-cubes,https://www.houzz.com/products/queen-navy-velvet-storage-ottoman-navy-prvw-vr~143438567
ottomans-and-cubes,https://www.houzz.com/products/queen-velvet-storage-ottoman-blush-prvw-vr~101650550
ottomans-and-cubes,https://www.houzz.com/products/quincy-35-storage-ottoman-bench-with-bun-legs-natural-prvw-vr~170509210
ottomans-and-cubes,https://www.houzz.com/products/quinn-square-nail-button-ottoman-mystere-eclipse-prvw-vr~149781786
ottomans-and-cubes,https://www.houzz.com/products/quinn-square-nail-button-ottoman-shaana-holiday-red-prvw-vr~149753448
ottomans-and-cubes,https://www.houzz.com/products/reena-mirrored-ottoman-prvw-vr~51914809
ottomans-and-cubes,https://www.houzz.com/products/restore-ottoman-white-prvw-vr~174964777
ottomans-and-cubes,https://www.houzz.com/products/riverbay-furniture-upholstered-fabric-storage-ottoman-in-gray-prvw-vr~171593616
ottomans-and-cubes,https://www.houzz.com/products/rivet-upholstered-velvet-ottoman-navy-prvw-vr~95553806
ottomans-and-cubes,https://www.houzz.com/products/rockford-storage-ottoman-cocoa-faux-leather-prvw-vr~174898926
ottomans-and-cubes,https://www.houzz.com/products/rockwood-cube-storage-ottoman-with-tray-distressed-black-prvw-vr~172214775
ottomans-and-cubes,https://www.houzz.com/products/rossi-linen-oversized-button-tufted-clear-acrylic-sides-ottoman-light-gray-prvw-vr~91762566
ottomans-and-cubes,https://www.houzz.com/products/round-golden-rim-velvet-ottoman-khaki-prvw-vr~170434958
ottomans-and-cubes,https://www.houzz.com/products/round-leatherette-upholstered-ottoman-black-prvw-vr~96487749
ottomans-and-cubes,https://www.houzz.com/products/round-pleated-golden-base-velvet-ottoman-dark-green-prvw-vr~170441010
ottomans-and-cubes,https://www.houzz.com/products/round-pleated-golden-base-velvet-ottoman-khaki-prvw-vr~170441008
ottomans-and-cubes,https://www.houzz.com/products/round-storage-tray-ottoman-red-prvw-vr~39088650
ottomans-and-cubes,https://www.houzz.com/products/roxy-walnut-wood-finish-and-light-beige-fabric-upholstered-ottoman-prvw-vr~183196947
ottomans-and-cubes,https://www.houzz.com/products/ruched-ottoman-gold-metal-cream-velvet-prvw-vr~148084036
ottomans-and-cubes,https://www.houzz.com/products/rylen-nailhead-trim-upholstered-square-stool-ottoman-blue-prvw-vr~91302291
ottomans-and-cubes,https://www.houzz.com/products/safavieh-badgley-ottoman-white-prvw-vr~58747079
ottomans-and-cubes,https://www.houzz.com/products/safavieh-chelsea-round-tray-ottoman-brown-leather-prvw-vr~39091324
ottomans-and-cubes,https://www.houzz.com/products/safavieh-elsworth-ottoman-navy-brass-prvw-vr~139923332
ottomans-and-cubes,https://www.houzz.com/products/safavieh-kenan-ottoman-sunflower-yellow-prvw-vr~39102812
ottomans-and-cubes,https://www.houzz.com/products/safavieh-madison-square-ottoman-hud8228c-prvw-vr~187396505
ottomans-and-cubes,https://www.houzz.com/products/safavieh-maxine-channel-tufted-otttoman-emerald-gold-prvw-vr~134360906
ottomans-and-cubes,https://www.houzz.com/products/safavieh-ravyn-woven-velvet-ottoman-sienna-gold-prvw-vr~134360913
ottomans-and-cubes,https://www.houzz.com/products/safavieh-rumi-tufted-velvet-ottoman-emerald-gold-prvw-vr~139923357
ottomans-and-cubes,https://www.houzz.com/products/safavieh-vanessa-ottoman-taupe-prvw-vr~39102851
ottomans-and-cubes,https://www.houzz.com/products/salinger-large-ottoman-bench-prvw-vr~111849175
ottomans-and-cubes,https://www.houzz.com/products/sands-genuine-leather-cube-ottoman-saddle-brown-prvw-vr~155368799
ottomans-and-cubes,https://www.houzz.com/products/scarlett-ottoman-blush-prvw-vr~174672658
ottomans-and-cubes,https://www.houzz.com/products/sembler-ottoman-prvw-vr~186498602
ottomans-and-cubes,https://www.houzz.com/products/serenta-super-mink-ottoman-umber-19x13x7-prvw-vr~129963064
ottomans-and-cubes,https://www.houzz.com/products/shabby-chic-aiza-ottoman-upholstered-linen-light-pink-prvw-vr~183900766
ottomans-and-cubes,https://www.houzz.com/products/shawnalore-ottoman-cocktail-table-whitewash-prvw-vr~142934042
ottomans-and-cubes,https://www.houzz.com/products/shelley-storage-ottoman-yellow-prvw-vr~143569814
ottomans-and-cubes,https://www.houzz.com/products/sierra-lodge-ottoman-prvw-vr~43710809
ottomans-and-cubes,https://www.houzz.com/products/signature-design-by-ashley-altonbury-leather-ottoman-in-walnut-prvw-vr~162841984
ottomans-and-cubes,https://www.houzz.com/products/signature-design-by-ashley-kennewick-oversized-accent-ottoman-in-shadow-prvw-vr~157160598
ottomans-and-cubes,https://www.houzz.com/products/signature-design-by-ashley-stracelen-ottoman-in-sable-prvw-vr~151458510
ottomans-and-cubes,https://www.houzz.com/products/silver-leather-and-stainless-steel-stool-95942-prvw-vr~58434101
ottomans-and-cubes,https://www.houzz.com/products/simpli-home-avalon-35-faux-leather-square-storage-ottoman-in-denim-blue-prvw-vr~190800950
ottomans-and-cubes,https://www.houzz.com/products/simpli-home-avalon-faux-air-leather-storage-ottoman-in-distressed-saddle-brown-prvw-vr~179561878
ottomans-and-cubes,https://www.houzz.com/products/simpli-home-avalon-faux-leather-coffee-table-storage-ottoman-in-cream-prvw-vr~166551584
ottomans-and-cubes,https://www.houzz.com/products/simpli-home-avalon-faux-leather-storage-bench-in-satin-cream-prvw-vr~160641780
ottomans-and-cubes,https://www.houzz.com/products/simpli-home-avalon-storage-bench-in-slate-gray-prvw-vr~144573539
ottomans-and-cubes,https://www.houzz.com/products/simpli-home-bretton-lift-top-storage-ottoman-in-deep-umber-brown-prvw-vr~112426851
ottomans-and-cubes,https://www.houzz.com/products/simpli-home-castleford-faux-leather-storage-bench-in-coffee-brown-prvw-vr~160717575
ottomans-and-cubes,https://www.houzz.com/products/simpli-home-cosmopolitan-faux-leather-storage-bench-in-midnight-black-prvw-vr~44180906
ottomans-and-cubes,https://www.houzz.com/products/simpli-home-dover-36-contemporary-faux-leather-storage-ottoman-in-denim-blue-prvw-vr~179501821
ottomans-and-cubes,https://www.houzz.com/products/simpli-home-ellis-storage-coffee-table-ottoman-in-chocolate-brown-prvw-vr~170508271
ottomans-and-cubes,https://www.houzz.com/products/simpli-home-harrison-storage-coffee-table-ottoman-in-slate-gray-prvw-vr~166553940
ottomans-and-cubes,https://www.houzz.com/products/simpli-home-harrison-storage-coffee-table-ottoman-in-tanners-brown-prvw-vr~166553938
ottomans-and-cubes,https://www.houzz.com/products/simpli-home-monroe-storage-ottoman-in-slate-gray-prvw-vr~170508250
ottomans-and-cubes,https://www.houzz.com/products/simpli-home-owen-faux-leather-storage-coffee-table-ottoman-in-chestnut-prvw-vr~166553953
ottomans-and-cubes,https://www.houzz.com/products/sinclair-round-ottoman-knoll-natural-prvw-vr~188289900
ottomans-and-cubes,https://www.houzz.com/products/sophie-ottoman-natural-cream-linen-prvw-vr~150262344
ottomans-and-cubes,https://www.houzz.com/products/sopri-upholstered-ottoman-deep-red-prvw-vr~88767660
ottomans-and-cubes,https://www.houzz.com/products/square-faux-fur-ottoman-with-tubular-metal-legs-and-x-shape-base-in-black-and-gold-prvw-vr~149127322
ottomans-and-cubes,https://www.houzz.com/products/square-rush-lined-storage-ottoman-with-lift-off-lid-natural-prvw-vr~57133707
ottomans-and-cubes,https://www.houzz.com/products/stacy-skirted-storage-vanity-stool-ottoman-sand-beige-prvw-vr~84836789
ottomans-and-cubes,https://www.houzz.com/products/stella-velvet-ottoman-stool-black-prvw-vr~126375912
ottomans-and-cubes,https://www.houzz.com/products/stella-velvet-ottoman-stool-cream-prvw-vr~126375907
ottomans-and-cubes,https://www.houzz.com/products/storage-ottoman-dove-fabric-prvw-vr~174899563
ottomans-and-cubes,https://www.houzz.com/products/storage-ottoman-faux-leather-upholstery-and-flip-over-trays-distressed-brown-prvw-vr~150082659
ottomans-and-cubes,https://www.houzz.com/products/storage-ottoman-with-button-tufted-accents-gray-prvw-vr~93311025
ottomans-and-cubes,https://www.houzz.com/products/sunset-trading-horizon-wood-fabric-slipcovered-ottoman-in-gray-prvw-vr~177036878
ottomans-and-cubes,https://www.houzz.com/products/sunset-trading-horizon-wood-fabric-slipcovered-ottoman-in-linen-beige-prvw-vr~177036992
ottomans-and-cubes,https://www.houzz.com/products/sunset-trading-horizon-wood-fabric-slipcovered-ottoman-in-tan-prvw-vr~177036663
ottomans-and-cubes,https://www.houzz.com/products/sunset-trading-newport-44-fabric-slipcovered-ottoman-in-gray-prvw-vr~177037100
ottomans-and-cubes,https://www.houzz.com/products/sunset-trading-newport-44-fabric-slipcovered-ottoman-in-ocean-blue-prvw-vr~177037251
ottomans-and-cubes,https://www.houzz.com/products/sunset-trading-newport-44-fabric-slipcovered-ottoman-in-white-prvw-vr~177036932
ottomans-and-cubes,https://www.houzz.com/products/swivel-ottoman-rotating-round-footrest-16-upholstered-pu-brown-prvw-vr~174787375
ottomans-and-cubes,https://www.houzz.com/products/sydney-brown-modern-storage-ottoman-prvw-vr~120648926
ottomans-and-cubes,https://www.houzz.com/products/sylvan-farmhouse-tufted-cocktail-storage-ottoman-vintage-brown-faux-leather-prvw-vr~161152442
ottomans-and-cubes,https://www.houzz.com/products/taylor-antique-square-ottoman-brown-prvw-vr~128477044
ottomans-and-cubes,https://www.houzz.com/products/teresa-pu-leather-button-tufted-metal-frame-cube-ottoman-yellow-prvw-vr~108071385
ottomans-and-cubes,https://www.houzz.com/products/textured-velvet-ottoman-steeple-gray-19-x-13-x-17-prvw-vr~150806181
ottomans-and-cubes,https://www.houzz.com/products/tov-furniture-nova-152h-modern-fabric-and-stainless-steel-ottoman-in-beige-gold-prvw-vr~187628763
ottomans-and-cubes,https://www.houzz.com/products/tov-furniture-queen-16h-transitional-velvet-storage-ottoman-in-navy-prvw-vr~187628755
ottomans-and-cubes,https://www.houzz.com/products/tray-nesting-ottoman-set-natural-wood-gray-fabric-prvw-vr~174564239
ottomans-and-cubes,https://www.houzz.com/products/tray-nesting-ottoman-set-natural-wood-orange-fabric-prvw-vr~174564231
ottomans-and-cubes,https://www.houzz.com/products/tubby-ottoman-orange-prvw-vr~170503324
ottomans-and-cubes,https://www.houzz.com/products/tufted-suede-footstool-black-prvw-vr~96451906
ottomans-and-cubes,https://www.houzz.com/products/tufted-suede-footstool-navy-prvw-vr~96451910
ottomans-and-cubes,https://www.houzz.com/products/tulip-grey-velvet-ottoman-grey-prvw-vr~119821553
ottomans-and-cubes,https://www.houzz.com/products/upholstered-square-ottoman-coffee-table-with-gold-base-e39-navy-blue-prvw-vr~129611350
ottomans-and-cubes,https://www.houzz.com/products/uttermost-23253-kaniel-tufted-antique-white-ottoman-prvw-vr~174732614
ottomans-and-cubes,https://www.houzz.com/products/uttermost-talullah-tufted-storage-ottoman-prvw-vr~130448009
ottomans-and-cubes,https://www.houzz.com/products/valeria-glam-burgundy-red-velvet-upholstered-gold-finished-button-tufted-ottoman-prvw-vr~136970484
ottomans-and-cubes,https://www.houzz.com/products/velvet-storage-ottoman-white-white-prvw-vr~170200120
ottomans-and-cubes,https://www.houzz.com/products/venaldi-ottoman-prvw-vr~186498654
ottomans-and-cubes,https://www.houzz.com/products/vera-light-gray-fabric-upholstered-ottoman-prvw-vr~120649185
ottomans-and-cubes,https://www.houzz.com/products/victoria-ottoman-bonded-leather-brown-prvw-vr~54674758
ottomans-and-cubes,https://www.houzz.com/products/vino-cream-velvet-ottoman-stool-cream-prvw-vr~135867998
ottomans-and-cubes,https://www.houzz.com/products/vino-pink-velvet-ottoman-stool-pink-prvw-vr~135867994
ottomans-and-cubes,https://www.houzz.com/products/volt-storage-faux-leather-ottoman-black-prvw-vr~48615864
ottomans-and-cubes,https://www.houzz.com/products/white-leather-24rnd-ottoman-prvw-vr~163356961
ottomans-and-cubes,https://www.houzz.com/products/white-leather-contemporary-stool-95945-prvw-vr~190776547
ottomans-and-cubes,https://www.houzz.com/products/willard-glam-luxe-navy-blue-velvet-upholstered-and-gold-metal-storage-ottoman-prvw-vr~163922255
ottomans-and-cubes,https://www.houzz.com/products/woven-padded-rectangular-ottoman-with-wooden-base-gray-saltoro-sherpi-prvw-vr~170294824
ottomans-and-cubes,https://www.houzz.com/products/yashiya-retro-fabric-upholstered-ottoman-stool-gray-prvw-vr~123275363
ottomans-and-cubes,https://www.houzz.com/products/yashiya-retro-fabric-upholstered-ottoman-stool-light-beige-prvw-vr~51176826
ottomans-and-cubes,https://www.houzz.com/products/yasmine-velvet-ottoman-stool-navy-prvw-vr~126375935
ottomans-and-cubes,https://www.houzz.com/products/yolanda-24-tufted-round-ottoman-with-bullion-trim-alabaster-off-white-tweed-prvw-vr~174627422
ottomans-and-cubes,https://www.houzz.com/products/yolanda-round-accent-ottoman-siren-red-performance-velvet-w-gold-trim-prvw-vr~170784290
ottomans-and-cubes,https://www.houzz.com/products/yolanda-tufted-round-ottoman-with-bullion-trim-peachy-orange-velvet-prvw-vr~85928230
ottomans-and-cubes,https://www.houzz.com/products/york-square-footstool-bisque-prvw-vr~147213175
ottomans-and-cubes,https://www.houzz.com/products/zanella-gray-sherpa-stool-prvw-vr~183239775
ottomans-and-cubes,https://www.houzz.com/products/zephyr-slate-footrest-prvw-vr~155782838
ottomans-and-cubes,https://www.houzz.com/products/zinnia-ottoman-pink-carnation-velvet-and-gold-prvw-vr~166391525
